Activity Type,Date,Favorite,Title,Distance,Calories,Time,Avg HR,Max HR,Aerobic TE,Avg Run Cadence,Max Run Cadence,Avg Pace,Best Pace,Total Ascent,Total Descent,Avg Stride Length,Avg Vertical Ratio,Avg Vertical Oscillation,Avg Ground Contact Time,Avg GCT Balance,Avg GAP,Avg Run Cadence,Max Run Cadence,Normalized Power® (NP®),Training Stress Score®,Max Avg Power (20 min),Avg Power,Max Power,Total Strokes,Avg. Swolf,Avg Stroke Rate,Steps,Total Reps,Total Sets,Body Battery Drain,Min Temp,Decompression,Best Lap Time,Number of Laps,Max Temp,Avg Resp,Min Resp,Max Resp,Moving Time,Elapsed Time,Min Elevation,Max Elevation
Multisport,2026-09-12 11:01:15,false,"Challenge Almere-Amsterdam 2026","94,17","2067",03:07:55,152,163,--,--,--,--,--,--,--,--,--,--,--,--,--,--,--,--,--,--,--,--,--,--,--,--,--,--,--,--,--,--,--,--,--,--,--,--,--,--,--
Indoor Cycling,2026-09-09 17:08:41,false,"Endurance ride","18,78","342",00:45:03,110,120,--,--,--,--,--,--,--,--,--,--,--,--,--,--,--,--,--,--,--,--,--,--,--,--,--,--,--,--,--,--,--,--,--,--,--,--,--,--,--
Indoor Cycling,2026-09-09 16:12:30,false,"Endurance ride","11,24","204",00:26:53,--,--,--,--,--,--,--,--,--,--,--,--,--,--,--,--,--,--,--,--,--,--,--,--,--,--,--,--,--,--,--,--,--,--,--,--,--,--,--,--,--
Running,2026-09-08 12:35:17,false,"Diemen - Recovery run","8,13","540",00:45:03,145,156,--,--,--,--,--,--,--,--,--,--,--,--,--,--,--,--,--,--,--,--,--,--,--,--,--,--,--,--,--,--,--,--,--,--,--,--,--,--,--
Running,2026-09-07 15:49:39,false,"Diemen - Sharpening Brick Run w/ threshol","5,92","397",00:30:05,164,176,--,--,--,--,--,--,--,--,--,--,--,--,--,--,--,--,--,--,--,--,--,--,--,--,--,--,--,--,--,--,--,--,--,--,--,--,--,--,--
Indoor Cycling,2026-09-07 13:12:34,false,"Sharpening Brick Ride - 6 x 3' Z4","24,31","512",01:02:34,128,152,--,--,--,--,--,--,--,--,--,--,--,--,--,--,--,--,--,--,--,--,--,--,--,--,--,--,--,--,--,--,--,--,--,--,--,--,--,--,--
Open Water Swimming,2026-09-06 17:09:45,false,"Diemen Open Water Swimming","1,52","269",00:35:02,120,136,--,--,--,--,--,--,--,--,--,--,--,--,--,--,--,--,--,--,--,--,--,--,--,--,--,--,--,--,--,--,--,--,--,--,--,--,--,--,--
Running,2026-09-05 16:49:07,false,"Amsterdam - Brick run - Race Intensity (70.3","9,64","635",00:45:02,164,178,--,--,--,--,--,--,--,--,--,--,--,--,--,--,--,--,--,--,--,--,--,--,--,--,--,--,--,--,--,--,--,--,--,--,--,--,--,--,--
Indoor Cycling,2026-09-05 10:57:31,false,"Race intensity (70.3) - 3 x 20' [KEY WORKOUT]","44,12","936",01:45:06,123,142,--,--,--,--,--,--,--,--,--,--,--,--,--,--,--,--,--,--,--,--,--,--,--,--,--,--,--,--,--,--,--,--,--,--,--,--,--,--,--
Running,2026-09-03 18:12:13,false,"Diemen - Recovery run","6,13","410",00:32:14,150,160,--,--,--,--,--,--,--,--,--,--,--,--,--,--,--,--,--,--,--,--,--,--,--,--,--,--,--,--,--,--,--,--,--,--,--,--,--,--,--
Open Water Swimming,2026-09-03 14:28:03,false,"Diemen Open Water Swimming","1,52","238",00:34:05,116,132,--,--,--,--,--,--,--,--,--,--,--,--,--,--,--,--,--,--,--,--,--,--,--,--,--,--,--,--,--,--,--,--,--,--,--,--,--,--,--
Indoor Cycling,2026-09-02 11:44:48,false,"Endurance ride","32,08","760",01:30:21,123,143,--,--,--,--,--,--,--,--,--,--,--,--,--,--,--,--,--,--,--,--,--,--,--,--,--,--,--,--,--,--,--,--,--,--,--,--,--,--,--
Running,2026-09-01 18:07:40,false,"Diemen - Subthreshold 40' [KEY WORKOUT]","12,60","814",01:00:04,161,176,--,--,--,--,--,--,--,--,--,--,--,--,--,--,--,--,--,--,--,--,--,--,--,--,--,--,--,--,--,--,--,--,--,--,--,--,--,--,--
Indoor Cycling,2026-08-31 19:13:24,false,"Tempo/Extensive Endurance 75'","33,17","682",01:16:02,121,133,--,--,--,--,--,--,--,--,--,--,--,--,--,--,--,--,--,--,--,--,--,--,--,--,--,--,--,--,--,--,--,--,--,--,--,--,--,--,--
Running,2026-08-30 12:31:58,false,"Diemen - Race intensity (70.3) - 14 x 4'","23,04","1456",01:53:23,157,176,--,--,--,--,--,--,--,--,--,--,--,--,--,--,--,--,--,--,--,--,--,--,--,--,--,--,--,--,--,--,--,--,--,--,--,--,--,--,--
Indoor Cycling,2026-08-29 19:19:25,false,"Race intensity (70.3) - 4 x 25' [KEY WORKOUT]","33,68","690",01:20:03,128,148,--,--,--,--,--,--,--,--,--,--,--,--,--,--,--,--,--,--,--,--,--,--,--,--,--,--,--,--,--,--,--,--,--,--,--,--,--,--,--
Indoor Cycling,2026-08-29 17:44:52,false,"Race intensity (70.3) - 4 x 25' [KEY WORKOUT]","33,73","692",01:20:10,123,141,--,--,--,--,--,--,--,--,--,--,--,--,--,--,--,--,--,--,--,--,--,--,--,--,--,--,--,--,--,--,--,--,--,--,--,--,--,--,--
Open Water Swimming,2026-08-27 20:29:06,false,"Diemen Open Water Swimming","0,93","223",00:23:29,132,157,--,--,--,--,--,--,--,--,--,--,--,--,--,--,--,--,--,--,--,--,--,--,--,--,--,--,--,--,--,--,--,--,--,--,--,--,--,--,--
Indoor Cycling,2026-08-27 17:23:32,false,"Endurance ride","37,61","683",01:30:04,115,130,--,--,--,--,--,--,--,--,--,--,--,--,--,--,--,--,--,--,--,--,--,--,--,--,--,--,--,--,--,--,--,--,--,--,--,--,--,--,--
Running,2026-08-26 11:10:57,false,"Amsterdam Running","8,52","569",00:41:07,170,182,--,--,--,--,--,--,--,--,--,--,--,--,--,--,--,--,--,--,--,--,--,--,--,--,--,--,--,--,--,--,--,--,--,--,--,--,--,--,--
Open Water Swimming,2026-08-25 13:22:41,false,"Diemen Open Water Swimming","1,82","426",00:43:44,135,157,--,--,--,--,--,--,--,--,--,--,--,--,--,--,--,--,--,--,--,--,--,--,--,--,--,--,--,--,--,--,--,--,--,--,--,--,--,--,--
Running,2026-08-25 12:07:33,false,"Diemen - Recovery run","8,42","570",00:45:03,158,169,--,--,--,--,--,--,--,--,--,--,--,--,--,--,--,--,--,--,--,--,--,--,--,--,--,--,--,--,--,--,--,--,--,--,--,--,--,--,--
Running,2026-08-24 15:15:53,false,"Diemen - Brick run - Race Intensity (70.3","3,16","199",00:15:03,160,176,--,--,--,--,--,--,--,--,--,--,--,--,--,--,--,--,--,--,--,--,--,--,--,--,--,--,--,--,--,--,--,--,--,--,--,--,--,--,--
Indoor Cycling,2026-08-24 13:26:09,false,"Extensive Endurance - 1 Hour","26,51","530",01:01:01,134,148,--,--,--,--,--,--,--,--,--,--,--,--,--,--,--,--,--,--,--,--,--,--,--,--,--,--,--,--,--,--,--,--,--,--,--,--,--,--,--
Running,2026-08-23 12:14:16,false,"Diemen - Endurance run [KEY WORKOUT]","16,68","1118",01:32:07,162,175,--,--,--,--,--,--,--,--,--,--,--,--,--,--,--,--,--,--,--,--,--,--,--,--,--,--,--,--,--,--,--,--,--,--,--,--,--,--,--
Indoor Cycling,2026-08-21 21:00:54,false,"Race intensity (70.3) - 4 x 20' [KEY WORKOUT]","25,18","495",01:00:08,--,--,--,--,--,--,--,--,--,--,--,--,--,--,--,--,--,--,--,--,--,--,--,--,--,--,--,--,--,--,--,--,--,--,--,--,--,--,--,--,--
Indoor Cycling,2026-08-21 11:45:31,false,"Race intensity (70.3) - 4 x 20' [KEY WORKOUT]","34,38","696",01:25:06,--,--,--,--,--,--,--,--,--,--,--,--,--,--,--,--,--,--,--,--,--,--,--,--,--,--,--,--,--,--,--,--,--,--,--,--,--,--,--,--,--
Open Water Swimming,2026-08-20 17:45:41,false,"Diemen Open Water Swimming","2,07","411",00:49:22,127,165,--,--,--,--,--,--,--,--,--,--,--,--,--,--,--,--,--,--,--,--,--,--,--,--,--,--,--,--,--,--,--,--,--,--,--,--,--,--,--
Running,2026-08-19 14:19:23,false,"Diemen - Subthreshold 35'","9,64","631",00:45:15,165,181,--,--,--,--,--,--,--,--,--,--,--,--,--,--,--,--,--,--,--,--,--,--,--,--,--,--,--,--,--,--,--,--,--,--,--,--,--,--,--
Indoor Cycling,2026-08-19 12:07:10,false,"Tempo Ride 45'","26,17","561",01:00:07,152,168,--,--,--,--,--,--,--,--,--,--,--,--,--,--,--,--,--,--,--,--,--,--,--,--,--,--,--,--,--,--,--,--,--,--,--,--,--,--,--
Indoor Cycling,2026-08-17 23:02:41,false,"Endurance ride","31,43","571",01:15:09,115,124,--,--,--,--,--,--,--,--,--,--,--,--,--,--,--,--,--,--,--,--,--,--,--,--,--,--,--,--,--,--,--,--,--,--,--,--,--,--,--
Running,2026-08-16 15:26:04,false,"Diemen Running","11,15","724",00:56:17,156,181,--,--,--,--,--,--,--,--,--,--,--,--,--,--,--,--,--,--,--,--,--,--,--,--,--,--,--,--,--,--,--,--,--,--,--,--,--,--,--
Virtual Cycling,2026-08-15 10:17:08,false,"Zwift - FTP Test [Standard]","10,65","359",00:45:44,139,179,--,--,--,--,--,--,--,--,--,--,--,--,--,--,--,--,--,--,--,--,--,--,--,--,--,--,--,--,--,--,--,--,--,--,--,--,--,--,--
Open Water Swimming,2026-08-13 18:52:06,false,"Diemen Open Water Swimming","1,54","274",00:40:25,116,135,--,--,--,--,--,--,--,--,--,--,--,--,--,--,--,--,--,--,--,--,--,--,--,--,--,--,--,--,--,--,--,--,--,--,--,--,--,--,--
Running,2026-08-13 13:02:14,false,"Diemen - Endurance run w/ strides (4 x 15","10,04","688",00:52:38,157,171,--,--,--,--,--,--,--,--,--,--,--,--,--,--,--,--,--,--,--,--,--,--,--,--,--,--,--,--,--,--,--,--,--,--,--,--,--,--,--
Pool Swim,2026-08-12 13:14:27,false,"Pool Swim","1,60","364",00:40:21,130,150,--,--,--,--,--,--,--,--,--,--,--,--,--,--,--,--,--,--,--,--,--,--,--,--,--,--,--,--,--,--,--,--,--,--,--,--,--,--,--
Virtual Cycling,2026-08-11 21:14:26,false,"Zwift - 2015","33,86","526",01:26:22,117,140,--,--,--,--,--,--,--,--,--,--,--,--,--,--,--,--,--,--,--,--,--,--,--,--,--,--,--,--,--,--,--,--,--,--,--,--,--,--,--
Running,2026-08-11 11:56:18,false,"Diemen - Recovery run","5,80","385",00:30:55,152,166,--,--,--,--,--,--,--,--,--,--,--,--,--,--,--,--,--,--,--,--,--,--,--,--,--,--,--,--,--,--,--,--,--,--,--,--,--,--,--
Open Water Swimming,2026-08-10 18:30:31,false,"Diemen Open Water Swimming","1,38","243",00:41:10,110,127,--,--,--,--,--,--,--,--,--,--,--,--,--,--,--,--,--,--,--,--,--,--,--,--,--,--,--,--,--,--,--,--,--,--,--,--,--,--,--
Virtual Cycling,2026-08-10 12:17:36,false,"Zwift - Anaerobic Hammer Session","14,23","249",00:45:21,132,164,--,--,--,--,--,--,--,--,--,--,--,--,--,--,--,--,--,--,--,--,--,--,--,--,--,--,--,--,--,--,--,--,--,--,--,--,--,--,--
Indoor Cycling,2026-08-09 19:12:12,false,"Hills + Extensive Endurance [KEY WORKOUT]","35,71","761",01:30:06,131,163,--,--,--,--,--,--,--,--,--,--,--,--,--,--,--,--,--,--,--,--,--,--,--,--,--,--,--,--,--,--,--,--,--,--,--,--,--,--,--
Walking,2026-08-08 13:57:32,false,"Diemen Walking","6,54","401",01:46:20,83,123,--,--,--,--,--,--,--,--,--,--,--,--,--,--,--,--,--,--,--,--,--,--,--,--,--,--,--,--,--,--,--,--,--,--,--,--,--,--,--
Running,2026-08-08 09:26:43,false,"Diemen - Subthreshold 45' - Hills [KEY WO","15,53","994",01:15:02,158,174,--,--,--,--,--,--,--,--,--,--,--,--,--,--,--,--,--,--,--,--,--,--,--,--,--,--,--,--,--,--,--,--,--,--,--,--,--,--,--
Running,2026-08-06 18:52:47,false,"Diemen - Endurance run w/ strides (4 x 15","5,63","370",00:30:04,146,163,--,--,--,--,--,--,--,--,--,--,--,--,--,--,--,--,--,--,--,--,--,--,--,--,--,--,--,--,--,--,--,--,--,--,--,--,--,--,--
Road Cycling,2026-08-06 12:02:06,false,"Diemen Cycling","7,15","147",00:38:38,87,118,--,--,--,--,--,--,--,--,--,--,--,--,--,--,--,--,--,--,--,--,--,--,--,--,--,--,--,--,--,--,--,--,--,--,--,--,--,--,--
Open Water Swimming,2026-08-04 11:46:47,false,"Santa Marinella Open Water Swimming","0,83","206",00:25:29,121,160,--,--,--,--,--,--,--,--,--,--,--,--,--,--,--,--,--,--,--,--,--,--,--,--,--,--,--,--,--,--,--,--,--,--,--,--,--,--,--
Open Water Swimming,2026-08-04 09:50:58,false,"Santa Marinella Open Water Swimming","1,12","237",00:32:28,117,131,--,--,--,--,--,--,--,--,--,--,--,--,--,--,--,--,--,--,--,--,--,--,--,--,--,--,--,--,--,--,--,--,--,--,--,--,--,--,--
Running,2026-08-03 18:32:36,false,"Santa Marinella Running","7,02","470",00:35:43,159,180,--,--,--,--,--,--,--,--,--,--,--,--,--,--,--,--,--,--,--,--,--,--,--,--,--,--,--,--,--,--,--,--,--,--,--,--,--,--,--
Open Water Swimming,2026-08-03 11:43:29,false,"Santa Marinella Open Water Swimming w/ Luan","1,08","306",00:30:03,134,151,--,--,--,--,--,--,--,--,--,--,--,--,--,--,--,--,--,--,--,--,--,--,--,--,--,--,--,--,--,--,--,--,--,--,--,--,--,--,--
Open Water Swimming,2026-08-03 09:33:46,false,"Santa Marinella Open Water Swimming","1,03","260",00:28:22,129,144,--,--,--,--,--,--,--,--,--,--,--,--,--,--,--,--,--,--,--,--,--,--,--,--,--,--,--,--,--,--,--,--,--,--,--,--,--,--,--
Open Water Swimming,2026-08-02 11:51:21,false,"Santa Marinella Open Water Swimming","1,01","222",00:45:08,100,126,--,--,--,--,--,--,--,--,--,--,--,--,--,--,--,--,--,--,--,--,--,--,--,--,--,--,--,--,--,--,--,--,--,--,--,--,--,--,--
Open Water Swimming,2026-08-01 10:58:03,false,"Santa Marinella Open Water Swimming","0,84","195",00:23:10,123,143,--,--,--,--,--,--,--,--,--,--,--,--,--,--,--,--,--,--,--,--,--,--,--,--,--,--,--,--,--,--,--,--,--,--,--,--,--,--,--
Running,2026-08-01 08:18:38,false,"Santa Marinella - Subthreshold 40' - Hills [KEY WO","7,06","491",00:36:13,163,186,--,--,--,--,--,--,--,--,--,--,--,--,--,--,--,--,--,--,--,--,--,--,--,--,--,--,--,--,--,--,--,--,--,--,--,--,--,--,--
Running,2026-07-31 06:50:31,false,"Rome - Brick run Z2","8,04","555",00:44:48,151,174,--,--,--,--,--,--,--,--,--,--,--,--,--,--,--,--,--,--,--,--,--,--,--,--,--,--,--,--,--,--,--,--,--,--,--,--,--,--,--
Running,2026-07-30 09:34:25,false,"Rome Running","4,11","279",00:22:32,149,167,--,--,--,--,--,--,--,--,--,--,--,--,--,--,--,--,--,--,--,--,--,--,--,--,--,--,--,--,--,--,--,--,--,--,--,--,--,--,--
Running,2026-07-28 15:54:23,false,"Diemen - Threshold - 1 x 20'","6,51","426",00:31:22,160,175,--,--,--,--,--,--,--,--,--,--,--,--,--,--,--,--,--,--,--,--,--,--,--,--,--,--,--,--,--,--,--,--,--,--,--,--,--,--,--
Indoor Cycling,2026-07-28 12:10:02,false,"Sweet spot - 3 x 15' [KEY WORKOUT]","30,95","684",01:15:02,134,155,--,--,--,--,--,--,--,--,--,--,--,--,--,--,--,--,--,--,--,--,--,--,--,--,--,--,--,--,--,--,--,--,--,--,--,--,--,--,--
Running,2026-07-25 11:16:46,false,"Diemen - Subthreshold 35' - Hills [KEY WO","15,23","999",01:15:03,165,185,--,--,--,--,--,--,--,--,--,--,--,--,--,--,--,--,--,--,--,--,--,--,--,--,--,--,--,--,--,--,--,--,--,--,--,--,--,--,--
Indoor Cycling,2026-07-24 16:57:56,false,"Hills + Extensive Endurance [KEY WORKOUT]","24,75","531",01:01:24,138,166,--,--,--,--,--,--,--,--,--,--,--,--,--,--,--,--,--,--,--,--,--,--,--,--,--,--,--,--,--,--,--,--,--,--,--,--,--,--,--
Running,2026-07-23 18:12:39,false,"Diemen Running","10,02","645",00:49:37,152,180,--,--,--,--,--,--,--,--,--,--,--,--,--,--,--,--,--,--,--,--,--,--,--,--,--,--,--,--,--,--,--,--,--,--,--,--,--,--,--
Pool Swim,2026-07-23 13:17:30,false,"Pool Swim","1,10","261",00:31:46,123,171,--,--,--,--,--,--,--,--,--,--,--,--,--,--,--,--,--,--,--,--,--,--,--,--,--,--,--,--,--,--,--,--,--,--,--,--,--,--,--
Running,2026-07-22 13:01:05,false,"Diemen - Endurance run w/ strides (4 x 15","6,08","403",00:31:28,152,168,--,--,--,--,--,--,--,--,--,--,--,--,--,--,--,--,--,--,--,--,--,--,--,--,--,--,--,--,--,--,--,--,--,--,--,--,--,--,--
Indoor Cycling,2026-07-21 14:52:07,false,"Sweet spot - 2 x 20' [KEY WORKOUT]","16,80","365",00:40:19,141,163,--,--,--,--,--,--,--,--,--,--,--,--,--,--,--,--,--,--,--,--,--,--,--,--,--,--,--,--,--,--,--,--,--,--,--,--,--,--,--
Open Water Swimming,2026-07-21 12:48:54,false,"Diemen Open Water Swimming","2,33","377",00:48:36,126,154,--,--,--,--,--,--,--,--,--,--,--,--,--,--,--,--,--,--,--,--,--,--,--,--,--,--,--,--,--,--,--,--,--,--,--,--,--,--,--
Running,2026-07-21 10:51:12,false,"Diemen - Endurance run (hills)","9,03","593",00:46:58,153,172,--,--,--,--,--,--,--,--,--,--,--,--,--,--,--,--,--,--,--,--,--,--,--,--,--,--,--,--,--,--,--,--,--,--,--,--,--,--,--
Open Water Swimming,2026-07-18 21:14:36,false,"Diemen Open Water Swimming","0,51","100",00:13:14,116,138,--,--,--,--,--,--,--,--,--,--,--,--,--,--,--,--,--,--,--,--,--,--,--,--,--,--,--,--,--,--,--,--,--,--,--,--,--,--,--
Walking,2026-07-18 12:54:03,false,"Diemen Walking","3,25","176",01:07:30,69,97,--,--,--,--,--,--,--,--,--,--,--,--,--,--,--,--,--,--,--,--,--,--,--,--,--,--,--,--,--,--,--,--,--,--,--,--,--,--,--
Virtual Cycling,2026-07-17 21:25:54,false,"Zwift - FTP Test [Standard]","17,96","325",00:45:25,131,164,--,--,--,--,--,--,--,--,--,--,--,--,--,--,--,--,--,--,--,--,--,--,--,--,--,--,--,--,--,--,--,--,--,--,--,--,--,--,--
Running,2026-07-16 12:31:48,false,"Diemen - Endurance run w/ strides (4 x 15","9,03","605",00:47:51,154,172,--,--,--,--,--,--,--,--,--,--,--,--,--,--,--,--,--,--,--,--,--,--,--,--,--,--,--,--,--,--,--,--,--,--,--,--,--,--,--
Indoor Cycling,2026-07-15 11:52:45,false,"Endurance ride w/ spin-ups","31,29","614",01:15:05,126,138,--,--,--,--,--,--,--,--,--,--,--,--,--,--,--,--,--,--,--,--,--,--,--,--,--,--,--,--,--,--,--,--,--,--,--,--,--,--,--
Open Water Swimming,2026-07-14 13:03:35,false,"Diemen Open Water Swimming","2,22","463",01:02:27,122,147,--,--,--,--,--,--,--,--,--,--,--,--,--,--,--,--,--,--,--,--,--,--,--,--,--,--,--,--,--,--,--,--,--,--,--,--,--,--,--
Running,2026-07-14 12:03:50,false,"Diemen - Recovery run","9,50","657",00:51:19,155,167,--,--,--,--,--,--,--,--,--,--,--,--,--,--,--,--,--,--,--,--,--,--,--,--,--,--,--,--,--,--,--,--,--,--,--,--,--,--,--
Pool Swim,2026-07-13 19:34:26,false,"Pool Swim","0,80","213",00:25:15,124,145,--,--,--,--,--,--,--,--,--,--,--,--,--,--,--,--,--,--,--,--,--,--,--,--,--,--,--,--,--,--,--,--,--,--,--,--,--,--,--
Virtual Cycling,2026-07-13 12:04:17,false,"Zwift - Jarvis Seaside Sprint in Watopia","21,16","322",00:49:18,125,156,--,--,--,--,--,--,--,--,--,--,--,--,--,--,--,--,--,--,--,--,--,--,--,--,--,--,--,--,--,--,--,--,--,--,--,--,--,--,--
Walking,2026-07-12 17:15:38,false,"Diemen Walking","5,06","307",01:16:20,76,121,--,--,--,--,--,--,--,--,--,--,--,--,--,--,--,--,--,--,--,--,--,--,--,--,--,--,--,--,--,--,--,--,--,--,--,--,--,--,--
Running,2026-07-11 11:24:04,false,"Diemen - Threshold intervals - 6 x 7' [KE","18,02","1161",01:30:49,153,173,--,--,--,--,--,--,--,--,--,--,--,--,--,--,--,--,--,--,--,--,--,--,--,--,--,--,--,--,--,--,--,--,--,--,--,--,--,--,--
Running,2026-07-10 18:12:55,false,"Diemen - Brick run Z2","2,75","176",00:15:03,137,154,--,--,--,--,--,--,--,--,--,--,--,--,--,--,--,--,--,--,--,--,--,--,--,--,--,--,--,--,--,--,--,--,--,--,--,--,--,--,--
Indoor Cycling,2026-07-10 13:11:29,false,"Progressive Tempo w/ low cadence [KEY WORKOUT]","52,25","1160",02:15:41,123,144,--,--,--,--,--,--,--,--,--,--,--,--,--,--,--,--,--,--,--,--,--,--,--,--,--,--,--,--,--,--,--,--,--,--,--,--,--,--,--
Running,2026-07-09 14:18:23,false,"Amsterdam Running","2,96","206",00:18:27,141,164,--,--,--,--,--,--,--,--,--,--,--,--,--,--,--,--,--,--,--,--,--,--,--,--,--,--,--,--,--,--,--,--,--,--,--,--,--,--,--
Pool Swim,2026-07-09 12:54:42,false,"Pool Swim","1,10","241",00:32:32,119,156,--,--,--,--,--,--,--,--,--,--,--,--,--,--,--,--,--,--,--,--,--,--,--,--,--,--,--,--,--,--,--,--,--,--,--,--,--,--,--
Running,2026-07-09 12:17:04,false,"Diemen Running","2,55","169",00:13:39,153,171,--,--,--,--,--,--,--,--,--,--,--,--,--,--,--,--,--,--,--,--,--,--,--,--,--,--,--,--,--,--,--,--,--,--,--,--,--,--,--
Indoor Cycling,2026-07-08 14:31:22,false,"Endurance ride","37,66","738",01:30:05,118,128,--,--,--,--,--,--,--,--,--,--,--,--,--,--,--,--,--,--,--,--,--,--,--,--,--,--,--,--,--,--,--,--,--,--,--,--,--,--,--
Pool Swim,2026-07-07 13:10:04,false,"Pool Swim","1,50","273",00:30:12,134,168,--,--,--,--,--,--,--,--,--,--,--,--,--,--,--,--,--,--,--,--,--,--,--,--,--,--,--,--,--,--,--,--,--,--,--,--,--,--,--
Running,2026-07-07 10:33:56,false,"Diemen - Endurance run w/ strides (6 x 15","11,60","774",01:00:07,155,169,--,--,--,--,--,--,--,--,--,--,--,--,--,--,--,--,--,--,--,--,--,--,--,--,--,--,--,--,--,--,--,--,--,--,--,--,--,--,--
Indoor Cycling,2026-07-06 13:20:17,false,"Threshold - 4 x 10' [KEY WORKOUT]","31,13","705",01:15:04,135,160,--,--,--,--,--,--,--,--,--,--,--,--,--,--,--,--,--,--,--,--,--,--,--,--,--,--,--,--,--,--,--,--,--,--,--,--,--,--,--
Open Water Swimming,2026-07-05 20:30:52,false,"Diemen Open Water Swimming","1,31","197",00:34:32,107,126,--,--,--,--,--,--,--,--,--,--,--,--,--,--,--,--,--,--,--,--,--,--,--,--,--,--,--,--,--,--,--,--,--,--,--,--,--,--,--
Running,2026-07-05 19:46:29,false,"Diemen Running","5,46","355",00:29:48,143,153,--,--,--,--,--,--,--,--,--,--,--,--,--,--,--,--,--,--,--,--,--,--,--,--,--,--,--,--,--,--,--,--,--,--,--,--,--,--,--
Running,2026-07-04 12:25:19,false,"Diemen - Threshold intervals - 8 x 5' [KE","15,39","999",01:15:03,163,182,--,--,--,--,--,--,--,--,--,--,--,--,--,--,--,--,--,--,--,--,--,--,--,--,--,--,--,--,--,--,--,--,--,--,--,--,--,--,--
Pool Swim,2026-07-03 15:57:54,false,"Pool Swim","2,10","428",00:57:56,123,165,--,--,--,--,--,--,--,--,--,--,--,--,--,--,--,--,--,--,--,--,--,--,--,--,--,--,--,--,--,--,--,--,--,--,--,--,--,--,--
Indoor Cycling,2026-07-02 22:38:01,false,"Muscular Endurance - 2 x 20' w/ low cadence [KEY W","25,24","531",01:00:18,124,146,--,--,--,--,--,--,--,--,--,--,--,--,--,--,--,--,--,--,--,--,--,--,--,--,--,--,--,--,--,--,--,--,--,--,--,--,--,--,--
Pool Swim,2026-07-01 13:14:54,false,"Pool Swim","3,20","583",01:22:49,124,146,--,--,--,--,--,--,--,--,--,--,--,--,--,--,--,--,--,--,--,--,--,--,--,--,--,--,--,--,--,--,--,--,--,--,--,--,--,--,--
Running,2026-06-30 19:19:22,false,"Diemen - Recovery run","5,60","368",00:30:03,151,160,--,--,--,--,--,--,--,--,--,--,--,--,--,--,--,--,--,--,--,--,--,--,--,--,--,--,--,--,--,--,--,--,--,--,--,--,--,--,--
Indoor Cycling,2026-06-30 12:42:33,false,"Threshold - 5 x 7' [KEY WORKOUT]","25,39","581",01:00:15,149,169,--,--,--,--,--,--,--,--,--,--,--,--,--,--,--,--,--,--,--,--,--,--,--,--,--,--,--,--,--,--,--,--,--,--,--,--,--,--,--
Running,2026-06-28 18:52:24,false,"Landunvez - Tempo run - Hills [KEY WORKOUT]","15,04","1016",01:14:56,164,177,--,--,--,--,--,--,--,--,--,--,--,--,--,--,--,--,--,--,--,--,--,--,--,--,--,--,--,--,--,--,--,--,--,--,--,--,--,--,--
Open Water Swimming,2026-06-25 19:34:15,false,"Landunvez Open Water Swimming","0,40","85",00:31:16,76,119,--,--,--,--,--,--,--,--,--,--,--,--,--,--,--,--,--,--,--,--,--,--,--,--,--,--,--,--,--,--,--,--,--,--,--,--,--,--,--
Indoor Cycling,2026-06-23 11:22:09,false,"Muscular Endurance - 3 x 15' w/ low cadence [KEY W","52,70","1101",02:06:26,132,157,--,--,--,--,--,--,--,--,--,--,--,--,--,--,--,--,--,--,--,--,--,--,--,--,--,--,--,--,--,--,--,--,--,--,--,--,--,--,--
Indoor Cycling,2026-06-22 22:49:28,false,"Threshold - 4 x 8' [KEY WORKOUT]","25,11","568",01:00:04,130,149,--,--,--,--,--,--,--,--,--,--,--,--,--,--,--,--,--,--,--,--,--,--,--,--,--,--,--,--,--,--,--,--,--,--,--,--,--,--,--
Pool Swim,2026-06-22 12:50:01,false,"Pool Swim","1,30","313",00:35:18,132,169,--,--,--,--,--,--,--,--,--,--,--,--,--,--,--,--,--,--,--,--,--,--,--,--,--,--,--,--,--,--,--,--,--,--,--,--,--,--,--
Indoor Cycling,2026-06-21 17:53:01,false,"Endurance ride","18,81","368",00:45:03,117,127,--,--,--,--,--,--,--,--,--,--,--,--,--,--,--,--,--,--,--,--,--,--,--,--,--,--,--,--,--,--,--,--,--,--,--,--,--,--,--
Running,2026-06-20 12:07:21,false,"Diemen - Tempo run - Hills [KEY WORKOUT]","11,61","768",01:00:01,159,174,--,--,--,--,--,--,--,--,--,--,--,--,--,--,--,--,--,--,--,--,--,--,--,--,--,--,--,--,--,--,--,--,--,--,--,--,--,--,--
Pool Swim,2026-06-19 12:33:02,false,"Pool Swim","1,10","244",00:32:33,121,151,--,--,--,--,--,--,--,--,--,--,--,--,--,--,--,--,--,--,--,--,--,--,--,--,--,--,--,--,--,--,--,--,--,--,--,--,--,--,--
Indoor Cycling,2026-06-18 21:49:18,false,"Sweet spot - 3 x 12' [KEY WORKOUT]","25,83","565",01:02:20,135,160,--,--,--,--,--,--,--,--,--,--,--,--,--,--,--,--,--,--,--,--,--,--,--,--,--,--,--,--,--,--,--,--,--,--,--,--,--,--,--
Pool Swim,2026-06-17 12:13:03,false,"Pool Swim","2,70","491",01:12:20,119,144,--,--,--,--,--,--,--,--,--,--,--,--,--,--,--,--,--,--,--,--,--,--,--,--,--,--,--,--,--,--,--,--,--,--,--,--,--,--,--
Indoor Cycling,2026-06-16 20:41:50,false,"Endurance ride w/ spin-ups","25,12","492",01:00:05,125,136,--,--,--,--,--,--,--,--,--,--,--,--,--,--,--,--,--,--,--,--,--,--,--,--,--,--,--,--,--,--,--,--,--,--,--,--,--,--,--
Running,2026-06-15 20:50:27,false,"Diemen - Endurance run w/ strides (6 x 15","11,31","751",01:00:06,150,172,--,--,--,--,--,--,--,--,--,--,--,--,--,--,--,--,--,--,--,--,--,--,--,--,--,--,--,--,--,--,--,--,--,--,--,--,--,--,--
Running,2026-06-13 11:42:53,false,"Diemen - VO2max - Short intervals - 20 x","13,03","868",01:07:23,158,180,--,--,--,--,--,--,--,--,--,--,--,--,--,--,--,--,--,--,--,--,--,--,--,--,--,--,--,--,--,--,--,--,--,--,--,--,--,--,--
Indoor Cycling,2026-06-12 11:38:46,false,"Muscular endurance - 5 x 10' w/ low cadence [KEY W","43,15","919",01:45:07,129,153,--,--,--,--,--,--,--,--,--,--,--,--,--,--,--,--,--,--,--,--,--,--,--,--,--,--,--,--,--,--,--,--,--,--,--,--,--,--,--
Running,2026-06-11 20:48:21,false,"Diemen - Recovery run","5,24","339",00:30:03,137,148,--,--,--,--,--,--,--,--,--,--,--,--,--,--,--,--,--,--,--,--,--,--,--,--,--,--,--,--,--,--,--,--,--,--,--,--,--,--,--
Pool Swim,2026-06-11 14:54:10,false,"Pool Swim","2,40","468",01:04:23,125,164,--,--,--,--,--,--,--,--,--,--,--,--,--,--,--,--,--,--,--,--,--,--,--,--,--,--,--,--,--,--,--,--,--,--,--,--,--,--,--
Indoor Cycling,2026-06-10 12:07:57,false,"Sweet spot - 4 x 8' (cadence spin-ups) [KEY Workou","24,53","533",01:00:08,129,155,--,--,--,--,--,--,--,--,--,--,--,--,--,--,--,--,--,--,--,--,--,--,--,--,--,--,--,--,--,--,--,--,--,--,--,--,--,--,--
Road Cycling,2026-06-08 13:39:25,false,"Amsterdam Cycling","8,87","144",00:39:00,85,119,--,--,--,--,--,--,--,--,--,--,--,--,--,--,--,--,--,--,--,--,--,--,--,--,--,--,--,--,--,--,--,--,--,--,--,--,--,--,--
Multisport,2026-06-07 10:24:21,false,"Bonn Road Cycling","63,54","1551",02:26:28,145,169,--,--,--,--,--,--,--,--,--,--,--,--,--,--,--,--,--,--,--,--,--,--,--,--,--,--,--,--,--,--,--,--,--,--,--,--,--,--,--
Multisport,2026-06-07 09:39:46,false,"Ryzon Bonn Triathlon 2026","83,63","2563",04:27:50,--,179,--,--,--,--,--,--,--,--,--,--,--,--,--,--,--,--,--,--,--,--,--,--,--,--,--,--,--,--,--,--,--,--,--,--,--,--,--,--,--
